HEAD_DIM,Triton FA,PyTorch Native (FA2)
32.000000,152.001962,147.979858
64.000000,232.411661,289.887099
128.000000,247.178135,410.138220
