seq_len,Custom Triton (FA),PyTorch Native (FA2),PyTorch Math,Naive PyTorch
256.000000,11.728219,47.393267,6.098588,22.046277
512.000000,131.586012,145.572377,12.365738,45.902097
1024.000000,228.845237,287.404125,16.426109,50.777537
2048.000000,253.539989,329.570859,18.221095,45.857986
4096.000000,266.486787,352.769380,,
8192.000000,273.181992,362.528624,,
16384.000000,280.564393,345.486324,,
